{
  "export_date": "2025-12-12T18:01:16.305670",
  "total_2025_jobs": 79,
  "jobs_2025": [
    {
      "date": "2025-01-02T00:00:00",
      "customer": "SEAN CONGDON",
      "location": "BYHAILIA, MS - INSTALL JANUARY 2",
      "card_name": "SEAN CONGDON:  BYHAILIA, MS - INSTALL JANUARY 2",
      "url": "https://trello.com/c/0lnUqaQA/309-sean-congdon-byhailia-ms-install-january-2"
    },
    {
      "date": "2025-01-06T00:00:00",
      "customer": "DIANA TUCKER",
      "location": "OLIVE BRANCH, MS - INSTALL JANUARY 6",
      "card_name": "DIANA TUCKER:  OLIVE BRANCH, MS - INSTALL JANUARY 6",
      "url": "https://trello.com/c/trUNnuWE/308-diana-tucker-olive-branch-ms-install-january-6"
    },
    {
      "date": "2025-04-28T00:00:00",
      "customer": "DAVID & CORA PRATER",
      "location": "COLLIERVILLE - INSTALL LINER ON APRIL 28",
      "card_name": "DAVID & CORA PRATER:  COLLIERVILLE - INSTALL LINER ON APRIL 28",
      "url": "https://trello.com/c/ztoSMXAY/331-david-cora-prater-collierville-install-liner-on-april-28"
    },
    {
      "date": "2025-07-18T00:00:00",
      "customer": "SHARON CARROLL",
      "location": "ARLINGTON - IS HAVING COMPANY COMING IN ON JULY 18 - WANTS TO KNOW IF RESET COULD BE DONE BEFORE THAN",
      "card_name": "SHARON CARROLL:  ARLINGTON - IS HAVING COMPANY COMING IN ON JULY 18 - WANTS TO KNOW IF RESET COULD BE DONE BEFORE THAN",
      "url": "https://trello.com/c/RciX7gai/422-sharon-carroll-arlington-is-having-company-coming-in-on-july-18-wants-to-know-if-reset-could-be-done-before-than"
    },
    {
      "date": "2025-08-19T00:00:00",
      "customer": "VISCA",
      "location": "CORDOVA - START ON AUGUST 19 drop pump Monday",
      "card_name": "VISCA:  CORDOVA - START ON AUGUST 19 drop pump Monday",
      "url": "https://trello.com/c/ulfLnqSr/438-visca-cordova-start-on-august-19-drop-pump-monday"
    },
    {
      "date": "2025-09-04T00:00:00",
      "customer": "GARY TAUXE",
      "location": "COLLIERVILLE (will need a little extra for his floor. ) - WANTS TO INSTALL ON SEPTEMBER 4",
      "card_name": "GARY TAUXE:  COLLIERVILLE (will need a little extra for his floor. ) - WANTS TO INSTALL ON SEPTEMBER 4",
      "url": "https://trello.com/c/E7ynqKHu/444-gary-tauxe-collierville-will-need-a-little-extra-for-his-floor-wants-to-install-on-september-4"
    },
    {
      "date": "2025-09-06T00:00:00",
      "customer": "ERICH MOUNCE",
      "location": "LAGRANGE, TN INSTALL COVER ON SEPTEMBER 6",
      "card_name": "ERICH MOUNCE:  LAGRANGE, TN INSTALL COVER ON SEPTEMBER 6",
      "url": "https://trello.com/c/LO2e9Igl/239-erich-mounce-lagrange-tn-install-cover-on-september-6"
    },
    {
      "date": "2025-09-11T00:00:00",
      "customer": "CURT BICKNELL",
      "location": "COLLIERVILLE INSTALL COVER ON SEPTEMBER 11",
      "card_name": "CURT BICKNELL:  COLLIERVILLE INSTALL COVER ON SEPTEMBER 11",
      "url": "https://trello.com/c/tuPEZ3aN/243-curt-bicknell-collierville-install-cover-on-september-11"
    },
    {
      "date": "2025-09-12T00:00:00",
      "customer": "BARBARA & MARVIN WILKINS",
      "location": "OLIVE BRANCH, MS - INSTALL COVER ON SEPTEMBER 12",
      "card_name": "BARBARA & MARVIN WILKINS:  OLIVE BRANCH, MS - INSTALL COVER ON SEPTEMBER 12",
      "url": "https://trello.com/c/1SQTKq0E/246-barbara-marvin-wilkins-olive-branch-ms-install-cover-on-september-12"
    },
    {
      "date": "2025-09-12T00:00:00",
      "customer": "JIM WILSON",
      "location": "GERMANTOWN, TN INSTALL COVER ON SEPTEMBER 12",
      "card_name": "JIM WILSON:  GERMANTOWN, TN INSTALL COVER ON SEPTEMBER 12",
      "url": "https://trello.com/c/CX6KBpjo/240-jim-wilson-germantown-tn-install-cover-on-september-12"
    },
    {
      "date": "2025-09-15T00:00:00",
      "customer": "ROBERT SINGLETON",
      "location": "GERMANTOWN - INSTALL ON SEPTEMBER 15, 2025",
      "card_name": "ROBERT SINGLETON:  GERMANTOWN - INSTALL ON SEPTEMBER 15, 2025",
      "url": "https://trello.com/c/LwxvQkHB/449-robert-singleton-germantown-install-on-september-15-2025"
    },
    {
      "date": "2025-09-16T00:00:00",
      "customer": "ANN FITZGERALD",
      "location": "COLLIERVILLE - INSTALL COVER ON SEPTEMBER 16",
      "card_name": "ANN FITZGERALD:  COLLIERVILLE - INSTALL COVER ON SEPTEMBER 16",
      "url": "https://trello.com/c/aL6Zklii/250-ann-fitzgerald-collierville-install-cover-on-september-16"
    },
    {
      "date": "2025-09-18T00:00:00",
      "customer": "CARTER MCDANIEL",
      "location": "MEMPHIS - INSTALL COVER ON SEPTEMBER 18, 2025",
      "card_name": "CARTER MCDANIEL:  MEMPHIS - INSTALL COVER ON SEPTEMBER 18, 2025",
      "url": "https://trello.com/c/mS8PU6F2/451-carter-mcdaniel-memphis-install-cover-on-september-18-2025"
    },
    {
      "date": "2025-09-19T00:00:00",
      "customer": "MARK & CHAR LEHMAN",
      "location": "COLLIERVILLE - INSTALL COVER ON SEPTEMBER 19, 2025",
      "card_name": "MARK & CHAR LEHMAN:  COLLIERVILLE - INSTALL COVER ON SEPTEMBER 19, 2025",
      "url": "https://trello.com/c/zZZmS8lX/467-mark-char-lehman-collierville-install-cover-on-september-19-2025"
    },
    {
      "date": "2025-09-19T00:00:00",
      "customer": "SPRINGHILL HOA",
      "location": "COLLIERVILLE - INSTALL COVER ON SEPTEMBER 19, 2025",
      "card_name": "SPRINGHILL HOA:  COLLIERVILLE - INSTALL COVER ON SEPTEMBER 19, 2025",
      "url": "https://trello.com/c/3jQTVsRg/477-springhill-hoa-collierville-install-cover-on-september-19-2025"
    },
    {
      "date": "2025-09-22T00:00:00",
      "customer": "DANA BLUM",
      "location": "COLLIERVILLE - INSTALL ON SEPTEMBER 22, 2025",
      "card_name": "DANA BLUM:  COLLIERVILLE - INSTALL ON SEPTEMBER 22, 2025",
      "url": "https://trello.com/c/QeSPs5rz/466-dana-blum-collierville-install-on-september-22-2025"
    },
    {
      "date": "2025-09-22T00:00:00",
      "customer": "JOANNE COBB",
      "location": "COLLIERVILLE - INSTALL ON SEPTEMBER 22",
      "card_name": "JOANNE COBB:  COLLIERVILLE - INSTALL ON SEPTEMBER 22",
      "url": "https://trello.com/c/ec86COJL/448-joanne-cobb-collierville-install-on-september-22"
    },
    {
      "date": "2025-09-23T00:00:00",
      "customer": "AARON GRISSOM",
      "location": "JACKSON, TN - INSTALL COVER ON SEPTEMBER 23, 2025",
      "card_name": "AARON GRISSOM:  JACKSON, TN - INSTALL COVER ON SEPTEMBER 23, 2025",
      "url": "https://trello.com/c/RtkkSehm/501-aaron-grissom-jackson-tn-install-cover-on-september-23-2025"
    },
    {
      "date": "2025-09-23T00:00:00",
      "customer": "ANDREA HICKS",
      "location": "MARION, AR - INSTALL DUPLICATE COVER ON SEPTEMBER 23, 2025",
      "card_name": "ANDREA HICKS:  MARION, AR - INSTALL DUPLICATE COVER ON SEPTEMBER 23, 2025",
      "url": "https://trello.com/c/LCrJExo4/504-andrea-hicks-marion-ar-install-duplicate-cover-on-september-23-2025"
    },
    {
      "date": "2025-09-23T00:00:00",
      "customer": "SUSAN & COLLINS HEWES",
      "location": "GERMANTOWN - INSTALL COVER ON SEPTEMBER 23",
      "card_name": "SUSAN & COLLINS HEWES:  GERMANTOWN - INSTALL COVER ON SEPTEMBER 23",
      "url": "https://trello.com/c/NvRIKVgE/257-susan-collins-hewes-germantown-install-cover-on-september-23"
    },
    {
      "date": "2025-09-25T00:00:00",
      "customer": "BRENDA FREDERICK",
      "location": "CORDOVA - INSTALL COVER ON SEPTEMBER 25, 2025",
      "card_name": "BRENDA FREDERICK:  CORDOVA - INSTALL COVER ON SEPTEMBER 25, 2025",
      "url": "https://trello.com/c/YaIa75CV/476-brenda-frederick-cordova-install-cover-on-september-25-2025"
    },
    {
      "date": "2025-09-25T00:00:00",
      "customer": "EDITH KELLY GREEN",
      "location": "MEMPHIS INSTALL COVER ON SEPTEMBER 25",
      "card_name": "EDITH KELLY GREEN:  MEMPHIS INSTALL COVER ON SEPTEMBER 25",
      "url": "https://trello.com/c/QeCN9pL4/244-edith-kelly-green-memphis-install-cover-on-september-25"
    },
    {
      "date": "2025-09-30T00:00:00",
      "customer": "JIM HAGMAIER",
      "location": "GERMANTOWN - INSTALL COVER ON SEPTEMBER 30, 2025",
      "card_name": "JIM HAGMAIER:  GERMANTOWN - INSTALL COVER ON SEPTEMBER 30, 2025",
      "url": "https://trello.com/c/nTqejRFJ/507-jim-hagmaier-germantown-install-cover-on-september-30-2025"
    },
    {
      "date": "2025-10-01T00:00:00",
      "customer": "ROBERT CRISS",
      "location": "MEMPHIS - INSTALL SAFETY COVER ON OCTOBER 1, 2025",
      "card_name": "ROBERT CRISS:  MEMPHIS - INSTALL SAFETY COVER ON OCTOBER 1, 2025",
      "url": "https://trello.com/c/XJKiJmpD/445-robert-criss-memphis-install-safety-cover-on-october-1-2025"
    },
    {
      "date": "2025-10-02T00:00:00",
      "customer": "ROBERT CRISS",
      "location": "MEMPHIS - INSTALL COVER ON OCTOBER 2",
      "card_name": "ROBERT CRISS:  MEMPHIS - INSTALL COVER ON OCTOBER 2",
      "url": "https://trello.com/c/sELA3lmf/262-robert-criss-memphis-install-cover-on-october-2"
    },
    {
      "date": "2025-10-02T00:00:00",
      "customer": "GUYLON GREER",
      "location": "EADS, TN - INSTALL COVER ON OCTOBER 2",
      "card_name": "GUYLON GREER:  EADS, TN - INSTALL COVER ON OCTOBER 2",
      "url": "https://trello.com/c/sq2rO15T/261-guylon-greer-eads-tn-install-cover-on-october-2"
    },
    {
      "date": "2025-10-04T00:00:00",
      "customer": "RUSTY PHILLIPS",
      "location": "INSTALL COVER ON OCTOBER 4",
      "card_name": "RUSTY PHILLIPS:  INSTALL COVER ON OCTOBER 4",
      "url": "https://trello.com/c/YTmwuKUJ/267-rusty-phillips-install-cover-on-october-4"
    },
    {
      "date": "2025-10-06T00:00:00",
      "customer": "JASON & BUFFIE KOEHLER",
      "location": "EADS, TN - INSTALL COVER ON OCTOBER 6, 2025",
      "card_name": "JASON & BUFFIE KOEHLER:  EADS, TN - INSTALL COVER ON OCTOBER 6, 2025",
      "url": "https://trello.com/c/5VMtj77s/469-jason-buffie-koehler-eads-tn-install-cover-on-october-6-2025"
    },
    {
      "date": "2025-10-06T00:00:00",
      "customer": "ROSALINE HARVELL",
      "location": "CORINTH, MS - INSTALL COVER ON OCTOBER 6, 2025 - MRS. HARVELL WOULD LIKE FOR YOU TO SNAP THE LINER BACK IN PLACE AROUND THE SOUTH END SIDE, SHALLOW END, & THE CORNERS.",
      "card_name": "ROSALINE HARVELL:  CORINTH, MS - INSTALL COVER ON OCTOBER 6, 2025 - MRS. HARVELL WOULD LIKE FOR YOU TO SNAP THE LINER BACK IN PLACE AROUND THE SOUTH END SIDE, SHALLOW END, & THE CORNERS.",
      "url": "https://trello.com/c/0gMYKvhH/468-rosaline-harvell-corinth-ms-install-cover-on-october-6-2025-mrs-harvell-would-like-for-you-to-snap-the-liner-back-in-place-aroun"
    },
    {
      "date": "2025-10-07T00:00:00",
      "customer": "PATRICK EXLEY",
      "location": "GERMANTOWN - INSTALL COVER ON OCTOBER 7, 2025",
      "card_name": "PATRICK EXLEY:  GERMANTOWN - INSTALL COVER ON OCTOBER 7, 2025",
      "url": "https://trello.com/c/t8r8Lp27/516-patrick-exley-germantown-install-cover-on-october-7-2025"
    },
    {
      "date": "2025-10-07T00:00:00",
      "customer": "JAMES FARRIS",
      "location": "CORDOVA - INSTALL COVER ON OCTOBER 7 - STOCK COVER",
      "card_name": "JAMES FARRIS:  CORDOVA - INSTALL COVER ON OCTOBER 7 - STOCK COVER",
      "url": "https://trello.com/c/CukJjHtT/266-james-farris-cordova-install-cover-on-october-7-stock-cover"
    },
    {
      "date": "2025-10-08T00:00:00",
      "customer": "JOE OPFERMAN",
      "location": "GERMANTOWN - INSTALL ON OCTOBER 8, 2025",
      "card_name": "JOE OPFERMAN:  GERMANTOWN - INSTALL ON OCTOBER 8, 2025",
      "url": "https://trello.com/c/kcX3Yv7H/450-joe-opferman-germantown-install-on-october-8-2025"
    },
    {
      "date": "2025-10-08T00:00:00",
      "customer": "ENESHA COBB",
      "location": "MILLINGTON - INSTALL COVER ON OCTOBER 8, 2025",
      "card_name": "ENESHA COBB:  MILLINGTON - INSTALL COVER ON OCTOBER 8, 2025",
      "url": "https://trello.com/c/Wb4JqhLq/478-enesha-cobb-millington-install-cover-on-october-8-2025"
    },
    {
      "date": "2025-10-09T00:00:00",
      "customer": "MATT SCOGGINS",
      "location": "COLLIERVILLE - INSTALL STOCK COVER ON OCTOBER 9, 2025",
      "card_name": "MATT SCOGGINS:  COLLIERVILLE - INSTALL STOCK COVER ON OCTOBER 9, 2025",
      "url": "https://trello.com/c/dLy3mVh8/505-matt-scoggins-collierville-install-stock-cover-on-october-9-2025"
    },
    {
      "date": "2025-10-09T00:00:00",
      "customer": "SHANE ELLIS",
      "location": "GERMANTOWN - INSTALL COVER ON OCTOBER 9, 2025",
      "card_name": "SHANE ELLIS:  GERMANTOWN - INSTALL COVER ON OCTOBER 9, 2025",
      "url": "https://trello.com/c/o1l8VLZO/473-shane-ellis-germantown-install-cover-on-october-9-2025"
    },
    {
      "date": "2025-10-10T00:00:00",
      "customer": "GEORGE SIMMONS",
      "location": "COLLIERVILLE - INSTALL COVER ON OCTOBER 10, 2025",
      "card_name": "GEORGE SIMMONS:  COLLIERVILLE - INSTALL COVER ON OCTOBER 10, 2025",
      "url": "https://trello.com/c/rmKR8arl/503-george-simmons-collierville-install-cover-on-october-10-2025"
    },
    {
      "date": "2025-10-10T00:00:00",
      "customer": "KELLI ANN WOODLIEF",
      "location": "GERMANTOWN - INSTALL COVER ON OCTOBER 10, 2025",
      "card_name": "KELLI ANN WOODLIEF:  GERMANTOWN - INSTALL COVER ON OCTOBER 10, 2025",
      "url": "https://trello.com/c/OyXRHAJp/519-kelli-ann-woodlief-germantown-install-cover-on-october-10-2025"
    },
    {
      "date": "2025-10-13T00:00:00",
      "customer": "KURT GOSSETT",
      "location": "OLIVE BRANCH - INSTALL COVER ON OCTOBER 13, 2025",
      "card_name": "KURT GOSSETT:  OLIVE BRANCH - INSTALL COVER ON OCTOBER 13, 2025",
      "url": "https://trello.com/c/9fDQakqJ/517-kurt-gossett-olive-branch-install-cover-on-october-13-2025"
    },
    {
      "date": "2025-10-13T00:00:00",
      "customer": "MIKE KITCHENS",
      "location": "GERMANTOWN - INSTALL DUPLICATE COVER ON OCTOBER 13, 2025",
      "card_name": "MIKE KITCHENS:  GERMANTOWN - INSTALL DUPLICATE COVER ON OCTOBER 13, 2025",
      "url": "https://trello.com/c/deDKonNK/514-mike-kitchens-germantown-install-duplicate-cover-on-october-13-2025"
    },
    {
      "date": "2025-10-14T00:00:00",
      "customer": "RACHELE SHEA",
      "location": "HORSESHOE LAKE, AR - INSTALL COVER ON OCTOBER 14",
      "card_name": "RACHELE SHEA:  HORSESHOE LAKE, AR - INSTALL COVER ON OCTOBER 14",
      "url": "https://trello.com/c/6Bq9mQ9l/249-rachele-shea-horseshoe-lake-ar-install-cover-on-october-14"
    },
    {
      "date": "2025-10-15T00:00:00",
      "customer": "DIANA TUCKER",
      "location": "OLIVE BRANCH - INSTALL ON OCTOBER 15, 2025",
      "card_name": "DIANA TUCKER:  OLIVE BRANCH - INSTALL ON OCTOBER 15, 2025",
      "url": "https://trello.com/c/3HJCgjar/452-diana-tucker-olive-branch-install-on-october-15-2025"
    },
    {
      "date": "2025-10-15T00:00:00",
      "customer": "ANDREW HUGHEY",
      "location": "BARTLETT - INSTALL COVER ON OCTOBER 15",
      "card_name": "ANDREW HUGHEY:  BARTLETT - INSTALL COVER ON OCTOBER 15",
      "url": "https://trello.com/c/uqZETstM/253-andrew-hughey-bartlett-install-cover-on-october-15"
    },
    {
      "date": "2025-10-16T00:00:00",
      "customer": "TRACI MUSCAVAGE",
      "location": "OLIVE BRANCH, MS - INSTALL ON OCTOBER 16, 2025",
      "card_name": "TRACI MUSCAVAGE:  OLIVE BRANCH, MS - INSTALL ON OCTOBER 16, 2025",
      "url": "https://trello.com/c/QQm1dKOG/463-traci-muscavage-olive-branch-ms-install-on-october-16-2025"
    },
    {
      "date": "2025-10-16T00:00:00",
      "customer": "ANDREW KIVISTIK",
      "location": "SOUTHAVEN, MS - INSTALL COVER ON OCTOBER 16",
      "card_name": "ANDREW KIVISTIK:  SOUTHAVEN, MS - INSTALL COVER ON OCTOBER 16",
      "url": "https://trello.com/c/KJ8vbvjg/258-andrew-kivistik-southaven-ms-install-cover-on-october-16"
    },
    {
      "date": "2025-10-17T00:00:00",
      "customer": "TRACY WALSH",
      "location": "COLLIERVILLE - INSTALL COVER ON OCTOBER 17, 2025",
      "card_name": "TRACY WALSH:  COLLIERVILLE - INSTALL COVER ON OCTOBER 17, 2025",
      "url": "https://trello.com/c/0lIdceUy/515-tracy-walsh-collierville-install-cover-on-october-17-2025"
    },
    {
      "date": "2025-10-21T00:00:00",
      "customer": "CESAR GUERRERO",
      "location": "GERMANTOWN - INSTALL COVER ON OCTOBER 21, 2025",
      "card_name": "CESAR GUERRERO:  GERMANTOWN - INSTALL COVER ON OCTOBER 21, 2025",
      "url": "https://trello.com/c/WClJgdxD/510-cesar-guerrero-germantown-install-cover-on-october-21-2025"
    },
    {
      "date": "2025-10-22T00:00:00",
      "customer": "KATHY CARLSON",
      "location": "BARTLETT - INSTALL COVER ON OCTOBER 22, 2025",
      "card_name": "KATHY CARLSON:  BARTLETT - INSTALL COVER ON OCTOBER 22, 2025",
      "url": "https://trello.com/c/fGJKDMsY/472-kathy-carlson-bartlett-install-cover-on-october-22-2025"
    },
    {
      "date": "2025-10-22T00:00:00",
      "customer": "RON BADER - MARION, AR - INSTALL COVER ON OCTOBER 22 - MPS WINTERIZED ON OCTOBER 21",
      "location": "",
      "card_name": "RON BADER - MARION, AR - INSTALL COVER ON OCTOBER 22 - MPS WINTERIZED ON OCTOBER 21",
      "url": "https://trello.com/c/TNpfBZXL/275-ron-bader-marion-ar-install-cover-on-october-22-mps-winterized-on-october-21"
    },
    {
      "date": "2025-10-24T00:00:00",
      "customer": "DANIELLE WILLIAMS",
      "location": "MEMPHIS - INSTALL COVER ON OCTOBER 24, 2025",
      "card_name": "DANIELLE WILLIAMS:  MEMPHIS - INSTALL COVER ON OCTOBER 24, 2025",
      "url": "https://trello.com/c/fPR7aFMx/522-danielle-williams-memphis-install-cover-on-october-24-2025"
    },
    {
      "date": "2025-10-24T00:00:00",
      "customer": "JENNIFER MOERBE",
      "location": "COLLIERVILLE - INSTALL COVER ON OCTOBER 24, 2025",
      "card_name": "JENNIFER MOERBE:  COLLIERVILLE - INSTALL COVER ON OCTOBER 24, 2025",
      "url": "https://trello.com/c/Cff7c5my/521-jennifer-moerbe-collierville-install-cover-on-october-24-2025"
    },
    {
      "date": "2025-10-24T00:00:00",
      "customer": "ANDY BRAMLETT - COLLIERVILLE - INSTALL COVER ON OCTOBER 24",
      "location": "",
      "card_name": "ANDY BRAMLETT - COLLIERVILLE - INSTALL COVER ON OCTOBER 24",
      "url": "https://trello.com/c/P3ZkyqEu/276-andy-bramlett-collierville-install-cover-on-october-24"
    },
    {
      "date": "2025-10-28T00:00:00",
      "customer": "VANESSA GIBSON - COLLIERVILLE - INSTALL COVER ON OCTOBER 28",
      "location": "",
      "card_name": "VANESSA GIBSON - COLLIERVILLE - INSTALL COVER ON OCTOBER 28",
      "url": "https://trello.com/c/JFOK3LHT/277-vanessa-gibson-collierville-install-cover-on-october-28"
    },
    {
      "date": "2025-11-03T00:00:00",
      "customer": "DENISE SHERMAN",
      "location": "COLLIERVILLE - INSTALL COVER ON NOVEMBER 3, 2025",
      "card_name": "DENISE SHERMAN:  COLLIERVILLE - INSTALL COVER ON NOVEMBER 3, 2025",
      "url": "https://trello.com/c/v17vCnty/520-denise-sherman-collierville-install-cover-on-november-3-2025"
    },
    {
      "date": "2025-11-03T00:00:00",
      "customer": "BOB & HEIDI FAUCHER",
      "location": "BARTLETT - INSTALL COVER ON NOVEMBER 3, 2025",
      "card_name": "BOB & HEIDI FAUCHER:  BARTLETT - INSTALL COVER ON NOVEMBER 3, 2025",
      "url": "https://trello.com/c/7g1pI9a3/523-bob-heidi-faucher-bartlett-install-cover-on-november-3-2025"
    },
    {
      "date": "2025-11-04T00:00:00",
      "customer": "MATT OWEN",
      "location": "COLLIERVILLE - INSTALL COVER ON NOVEMBER 4, 2025",
      "card_name": "MATT OWEN:  COLLIERVILLE - INSTALL COVER ON NOVEMBER 4, 2025",
      "url": "https://trello.com/c/YFkhdfg2/525-matt-owen-collierville-install-cover-on-november-4-2025"
    },
    {
      "date": "2025-11-04T00:00:00",
      "customer": "CHRISTINE & BILL BURKE",
      "location": "PIPERTON - INSTALL COVER ON NOVEMBER 4, 2025",
      "card_name": "CHRISTINE & BILL BURKE:  PIPERTON - INSTALL COVER ON NOVEMBER 4, 2025",
      "url": "https://trello.com/c/gJrESoky/524-christine-bill-burke-piperton-install-cover-on-november-4-2025"
    },
    {
      "date": "2025-11-04T00:00:00",
      "customer": "ROBERT SIEVERS",
      "location": "GERMANTOWN - INSTALL COVER ON NOVEMBER 4",
      "card_name": "ROBERT SIEVERS:  GERMANTOWN - INSTALL COVER ON NOVEMBER 4",
      "url": "https://trello.com/c/acjmdlqN/289-robert-sievers-germantown-install-cover-on-november-4"
    },
    {
      "date": "2025-11-05T00:00:00",
      "customer": "LAQUENZA CLEMONS",
      "location": "OLIVE BRANCH - INSTALL COVER ON NOVEMBER 5, 2025",
      "card_name": "LAQUENZA CLEMONS:  OLIVE BRANCH - INSTALL COVER ON NOVEMBER 5, 2025",
      "url": "https://trello.com/c/i9iCFr4V/528-laquenza-clemons-olive-branch-install-cover-on-november-5-2025"
    },
    {
      "date": "2025-11-05T00:00:00",
      "customer": "TIFFANEE CORDELL",
      "location": "OLIVE BRANCH, MS - INSTALL COVER ON NOVEMBER 5, 2025",
      "card_name": "TIFFANEE CORDELL:  OLIVE BRANCH, MS - INSTALL COVER ON NOVEMBER 5, 2025",
      "url": "https://trello.com/c/smrpDDMi/534-tiffanee-cordell-olive-branch-ms-install-cover-on-november-5-2025"
    },
    {
      "date": "2025-11-05T00:00:00",
      "customer": "NIELS FRENCH",
      "location": "MEMPHIS - INSTALL COVER ON NOVEMBER 5, 2025",
      "card_name": "NIELS FRENCH:  MEMPHIS - INSTALL COVER ON NOVEMBER 5, 2025",
      "url": "https://trello.com/c/avCokXdd/531-niels-french-memphis-install-cover-on-november-5-2025"
    },
    {
      "date": "2025-11-06T00:00:00",
      "customer": "LINDA VISCA",
      "location": "CORDOVA - INSTALL COVER ON NOVEMBER 6, 2025",
      "card_name": "LINDA VISCA:  CORDOVA - INSTALL COVER ON NOVEMBER 6, 2025",
      "url": "https://trello.com/c/7i2WHxLA/529-linda-visca-cordova-install-cover-on-november-6-2025"
    },
    {
      "date": "2025-11-06T00:00:00",
      "customer": "DONALD NUNLEY",
      "location": "MEMPHIS - INSTALL COVER ON NOVEMBER 6, 2025",
      "card_name": "DONALD NUNLEY:  MEMPHIS - INSTALL COVER ON NOVEMBER 6, 2025",
      "url": "https://trello.com/c/EOQ5bKJc/532-donald-nunley-memphis-install-cover-on-november-6-2025"
    },
    {
      "date": "2025-11-07T00:00:00",
      "customer": "DOUGLAS MORGAN",
      "location": "COLLIERVILLE - INSTALL COVER ON NOVEMBER 7, 2025",
      "card_name": "DOUGLAS MORGAN:  COLLIERVILLE - INSTALL COVER ON NOVEMBER 7, 2025",
      "url": "https://trello.com/c/HACkV0sN/530-douglas-morgan-collierville-install-cover-on-november-7-2025"
    },
    {
      "date": "2025-11-07T00:00:00",
      "customer": "ANUSHKA DHAR",
      "location": "COLLIERVILLE - INSTALL COVER ON NOVEMBER 7, 2025",
      "card_name": "ANUSHKA DHAR:  COLLIERVILLE - INSTALL COVER ON NOVEMBER 7, 2025",
      "url": "https://trello.com/c/iSHcVU6m/527-anushka-dhar-collierville-install-cover-on-november-7-2025"
    },
    {
      "date": "2025-11-07T00:00:00",
      "customer": "ELISSA BOWER",
      "location": "GERMANTOWN - INSTALL COVER ON NOVEMBER 7",
      "card_name": "ELISSA BOWER:  GERMANTOWN - INSTALL COVER ON NOVEMBER 7",
      "url": "https://trello.com/c/xSXOwq0W/295-elissa-bower-germantown-install-cover-on-november-7"
    },
    {
      "date": "2025-11-08T00:00:00",
      "customer": "WILLIE PHILLIPS",
      "location": "OXFORD, MS - INSTALL COVER ON NOVEMBER 8",
      "card_name": "WILLIE PHILLIPS:  OXFORD, MS - INSTALL COVER ON NOVEMBER 8",
      "url": "https://trello.com/c/ybahqTWG/281-willie-phillips-oxford-ms-install-cover-on-november-8"
    },
    {
      "date": "2025-11-08T00:00:00",
      "customer": "JW MAYBERRY",
      "location": "OLIVE BRANCH, MS INSTALL COVER ON NOVEMBER 8 (AFTERNOON)",
      "card_name": "JW MAYBERRY:  OLIVE BRANCH, MS INSTALL COVER ON NOVEMBER 8 (AFTERNOON)",
      "url": "https://trello.com/c/rzxCqAmX/241-jw-mayberry-olive-branch-ms-install-cover-on-november-8-afternoon"
    },
    {
      "date": "2025-11-10T00:00:00",
      "customer": "RALPH PINNER",
      "location": "SENATOBIA, MS - INSTALL COVER ON NOVEMBER 10, 2025",
      "card_name": "RALPH PINNER:  SENATOBIA, MS - INSTALL COVER ON NOVEMBER 10, 2025",
      "url": "https://trello.com/c/hcodEBro/539-ralph-pinner-senatobia-ms-install-cover-on-november-10-2025"
    },
    {
      "date": "2025-11-10T00:00:00",
      "customer": "JIM FERGUSON",
      "location": "GERMANTOWN - INSTALL COVER ON NOVEMBER 10, 2025",
      "card_name": "JIM FERGUSON:  GERMANTOWN - INSTALL COVER ON NOVEMBER 10, 2025",
      "url": "https://trello.com/c/7atb90wY/538-jim-ferguson-germantown-install-cover-on-november-10-2025"
    },
    {
      "date": "2025-11-11T00:00:00",
      "customer": "PEGGY NORRIS",
      "location": "OLIVE BRANCH, MS - INSTALL COVER ON NOVEMBER 11, 2025 - NOTE",
      "card_name": "PEGGY NORRIS:  OLIVE BRANCH, MS - INSTALL COVER ON NOVEMBER 11, 2025 - NOTE:  FOLD OLD COVER & LEAVE ON DECK!",
      "url": "https://trello.com/c/pHSWcseL/535-peggy-norris-olive-branch-ms-install-cover-on-november-11-2025-note-fold-old-cover-leave-on-deck"
    },
    {
      "date": "2025-11-19T00:00:00",
      "customer": "ANDREW O'FEE",
      "location": "GERMANTOWN - INSTALL COVER ON NOVEMBER 19",
      "card_name": "ANDREW O'FEE:  GERMANTOWN - INSTALL COVER ON NOVEMBER 19",
      "url": "https://trello.com/c/0YzomaHH/297-andrew-ofee-germantown-install-cover-on-november-19"
    },
    {
      "date": "2025-11-22T00:00:00",
      "customer": "REBECCA LATHAM - OXFORD, MS - INSTALL COVER ON NOVEMBER 22",
      "location": "",
      "card_name": "REBECCA LATHAM - OXFORD, MS - INSTALL COVER ON NOVEMBER 22",
      "url": "https://trello.com/c/xHHviXq8/279-rebecca-latham-oxford-ms-install-cover-on-november-22"
    },
    {
      "date": "2025-11-26T00:00:00",
      "customer": "RANDALL THOMAS",
      "location": "SOUTHAVEN, MS - INSTALL COVER ON NOVEMBER 26",
      "card_name": "RANDALL THOMAS:  SOUTHAVEN, MS - INSTALL COVER ON NOVEMBER 26",
      "url": "https://trello.com/c/U5S7y3Yf/301-randall-thomas-southaven-ms-install-cover-on-november-26"
    },
    {
      "date": "2025-11-26T00:00:00",
      "customer": "KATRINA GIBSON",
      "location": "COURTLAND, MS - INSTALL COVER ON NOVEMBER 26",
      "card_name": "KATRINA GIBSON:  COURTLAND, MS - INSTALL COVER ON NOVEMBER 26",
      "url": "https://trello.com/c/SHj5N3Ni/300-katrina-gibson-courtland-ms-install-cover-on-november-26"
    },
    {
      "date": "2025-11-27T00:00:00",
      "customer": "MICHAEL MENZ",
      "location": "COLLIERVILLE - INSTALL COVER ON NOVEMBER 27",
      "card_name": "MICHAEL MENZ:  COLLIERVILLE - INSTALL COVER ON NOVEMBER 27",
      "url": "https://trello.com/c/UaRroDsg/302-michael-menz-collierville-install-cover-on-november-27"
    },
    {
      "date": "2025-11-27T00:00:00",
      "customer": "YAN CAO",
      "location": "MEMPHIS - INSTALL SPA COVER ON NOVEMBER 27",
      "card_name": "YAN CAO:  MEMPHIS - INSTALL SPA COVER ON NOVEMBER 27",
      "url": "https://trello.com/c/aweEm8ei/299-yan-cao-memphis-install-spa-cover-on-november-27"
    },
    {
      "date": "2025-12-06T00:00:00",
      "customer": "PAULA HERNDON",
      "location": "MORO, AR - INSTALL COVER ON DECEMBER 6",
      "card_name": "PAULA HERNDON:  MORO, AR - INSTALL COVER ON DECEMBER 6",
      "url": "https://trello.com/c/857h8lGw/298-paula-herndon-moro-ar-install-cover-on-december-6"
    },
    {
      "date": "2025-12-09T00:00:00",
      "customer": "PEGGY LEMONS",
      "location": "BLYTHEVILLE, AR - INSTALL COVER ON DECEMBER 9, 2025",
      "card_name": "PEGGY LEMONS:  BLYTHEVILLE, AR - INSTALL COVER ON DECEMBER 9, 2025",
      "url": "https://trello.com/c/qD73W0Iv/560-peggy-lemons-blytheville-ar-install-cover-on-december-9-2025"
    },
    {
      "date": "2025-12-17T00:00:00",
      "customer": "KEDZIE WHITE",
      "location": "MEMPHIS - INSTALL COVER ON DECEMBER 17",
      "card_name": "KEDZIE WHITE:  MEMPHIS - INSTALL COVER ON DECEMBER 17",
      "url": "https://trello.com/c/Ai676190/283-kedzie-white-memphis-install-cover-on-december-17"
    }
  ],
  "monthly_breakdown": {
    "January": 2,
    "April": 1,
    "July": 1,
    "August": 1,
    "September": 18,
    "October": 29,
    "November": 24,
    "December": 3
  },
  "service_types": {
    "Other Service": 10,
    "Liner Work": 1,
    "Cover Reset": 1,
    "Safety Cover Installation": 66,
    "Snap-In Installation": 1
  },
  "locations": {
    "COLLIERVILLE": 17,
    "GERMANTOWN": 14,
    "OLIVE BRANCH": 9,
    "MEMPHIS": 9,
    "CORDOVA": 4,
    "BARTLETT": 3,
    "SOUTHAVEN": 2,
    "ARLINGTON": 1,
    "JACKSON": 1,
    "MARION": 1,
    "CORINTH": 1,
    "PIPERTON": 1,
    "OXFORD": 1,
    "BLYTHEVILLE": 1
  },
  "revenue_estimates": {
    "conservative": 43450,
    "optimistic": 59150,
    "average": 51300
  }
}